sample_index,scaled_emg,source_file,dataset
0,588.667,emg_data.hdf5,1
1,591.252,emg_data.hdf5,1
2,591.948,emg_data.hdf5,1
3,583.874,emg_data.hdf5,1
4,571.265,emg_data.hdf5,1
5,565.553,emg_data.hdf5,1
6,568.724,emg_data.hdf5,1
7,576.223,emg_data.hdf5,1
8,578.087,emg_data.hdf5,1
9,580.458,emg_data.hdf5,1
10,585.393,emg_data.hdf5,1
11,593.156,emg_data.hdf5,1
12,597.922,emg_data.hdf5,1
13,598.182,emg_data.hdf5,1
14,601.184,emg_data.hdf5,1
15,605.302,emg_data.hdf5,1
16,605.628,emg_data.hdf5,1
17,600.799,emg_data.hdf5,1
18,594.753,emg_data.hdf5,1
19,588.955,emg_data.hdf5,1
20,586.554,emg_data.hdf5,1
21,587.593,emg_data.hdf5,1
22,588.288,emg_data.hdf5,1
23,589.709,emg_data.hdf5,1
24,591.560,emg_data.hdf5,1
25,591.834,emg_data.hdf5,1
26,590.411,emg_data.hdf5,1
27,593.932,emg_data.hdf5,1
28,595.809,emg_data.hdf5,1
29,596.633,emg_data.hdf5,1
30,595.145,emg_data.hdf5,1
31,593.840,emg_data.hdf5,1
32,592.161,emg_data.hdf5,1
33,589.512,emg_data.hdf5,1
34,591.755,emg_data.hdf5,1
35,588.572,emg_data.hdf5,1
36,593.071,emg_data.hdf5,1
37,607.691,emg_data.hdf5,1
38,617.834,emg_data.hdf5,1
39,614.583,emg_data.hdf5,1
40,594.122,emg_data.hdf5,1
41,567.142,emg_data.hdf5,1
42,548.354,emg_data.hdf5,1
43,550.208,emg_data.hdf5,1
44,565.725,emg_data.hdf5,1
45,582.362,emg_data.hdf5,1
46,593.477,emg_data.hdf5,1
47,596.262,emg_data.hdf5,1
48,591.389,emg_data.hdf5,1
49,580.880,emg_data.hdf5,1
50,574.330,emg_data.hdf5,1
51,576.704,emg_data.hdf5,1
52,584.801,emg_data.hdf5,1
53,590.291,emg_data.hdf5,1
54,591.366,emg_data.hdf5,1
55,587.807,emg_data.hdf5,1
56,580.789,emg_data.hdf5,1
57,574.134,emg_data.hdf5,1
58,569.803,emg_data.hdf5,1
59,569.304,emg_data.hdf5,1
60,572.291,emg_data.hdf5,1
61,584.000,emg_data.hdf5,1
62,597.893,emg_data.hdf5,1
63,605.306,emg_data.hdf5,1
64,603.899,emg_data.hdf5,1
65,604.336,emg_data.hdf5,1
66,603.327,emg_data.hdf5,1
67,602.218,emg_data.hdf5,1
68,607.537,emg_data.hdf5,1
69,615.303,emg_data.hdf5,1
70,619.490,emg_data.hdf5,1
71,616.297,emg_data.hdf5,1
72,610.066,emg_data.hdf5,1
73,606.273,emg_data.hdf5,1
74,602.364,emg_data.hdf5,1
75,601.447,emg_data.hdf5,1
76,601.014,emg_data.hdf5,1
77,596.458,emg_data.hdf5,1
78,589.086,emg_data.hdf5,1
79,579.713,emg_data.hdf5,1
80,567.529,emg_data.hdf5,1
81,570.216,emg_data.hdf5,1
82,583.661,emg_data.hdf5,1
83,592.573,emg_data.hdf5,1
84,589.679,emg_data.hdf5,1
85,582.577,emg_data.hdf5,1
86,575.812,emg_data.hdf5,1
87,577.535,emg_data.hdf5,1
88,587.429,emg_data.hdf5,1
89,588.740,emg_data.hdf5,1
90,583.316,emg_data.hdf5,1
91,576.230,emg_data.hdf5,1
92,570.409,emg_data.hdf5,1
93,565.634,emg_data.hdf5,1
94,566.342,emg_data.hdf5,1
95,575.613,emg_data.hdf5,1
96,587.130,emg_data.hdf5,1
97,598.721,emg_data.hdf5,1
98,606.978,emg_data.hdf5,1
99,620.268,emg_data.hdf5,1
100,629.333,emg_data.hdf5,1
101,630.698,emg_data.hdf5,1
102,636.440,emg_data.hdf5,1
103,643.786,emg_data.hdf5,1
104,642.829,emg_data.hdf5,1
105,631.313,emg_data.hdf5,1
106,615.214,emg_data.hdf5,1
107,593.784,emg_data.hdf5,1
108,580.805,emg_data.hdf5,1
109,578.528,emg_data.hdf5,1
110,578.677,emg_data.hdf5,1
111,577.762,emg_data.hdf5,1
112,574.450,emg_data.hdf5,1
113,575.626,emg_data.hdf5,1
114,576.186,emg_data.hdf5,1
115,578.795,emg_data.hdf5,1
116,574.289,emg_data.hdf5,1
117,572.909,emg_data.hdf5,1
118,573.319,emg_data.hdf5,1
119,575.022,emg_data.hdf5,1
120,577.936,emg_data.hdf5,1
121,577.347,emg_data.hdf5,1
122,579.082,emg_data.hdf5,1
123,580.430,emg_data.hdf5,1
124,584.846,emg_data.hdf5,1
125,588.329,emg_data.hdf5,1
126,589.093,emg_data.hdf5,1
127,592.650,emg_data.hdf5,1
128,594.396,emg_data.hdf5,1
129,593.432,emg_data.hdf5,1
130,592.087,emg_data.hdf5,1
131,593.804,emg_data.hdf5,1
132,589.800,emg_data.hdf5,1
133,583.990,emg_data.hdf5,1
134,576.807,emg_data.hdf5,1
135,574.055,emg_data.hdf5,1
136,570.456,emg_data.hdf5,1
137,562.327,emg_data.hdf5,1
138,557.541,emg_data.hdf5,1
139,559.411,emg_data.hdf5,1
140,562.638,emg_data.hdf5,1
141,562.410,emg_data.hdf5,1
142,560.623,emg_data.hdf5,1
143,561.148,emg_data.hdf5,1
144,566.572,emg_data.hdf5,1
145,570.398,emg_data.hdf5,1
146,579.261,emg_data.hdf5,1
147,595.594,emg_data.hdf5,1
148,616.025,emg_data.hdf5,1
149,629.706,emg_data.hdf5,1
150,623.233,emg_data.hdf5,1
151,600.502,emg_data.hdf5,1
152,574.910,emg_data.hdf5,1
153,565.197,emg_data.hdf5,1
154,571.858,emg_data.hdf5,1
155,578.964,emg_data.hdf5,1
156,584.286,emg_data.hdf5,1
157,587.733,emg_data.hdf5,1
158,590.355,emg_data.hdf5,1
159,589.385,emg_data.hdf5,1
160,588.334,emg_data.hdf5,1
161,588.609,emg_data.hdf5,1
162,591.500,emg_data.hdf5,1
163,595.249,emg_data.hdf5,1
164,602.558,emg_data.hdf5,1
165,609.309,emg_data.hdf5,1
166,610.860,emg_data.hdf5,1
167,606.829,emg_data.hdf5,1
168,597.978,emg_data.hdf5,1
169,591.797,emg_data.hdf5,1
170,588.050,emg_data.hdf5,1
171,585.917,emg_data.hdf5,1
172,586.019,emg_data.hdf5,1
173,584.864,emg_data.hdf5,1
174,581.024,emg_data.hdf5,1
175,575.627,emg_data.hdf5,1
176,575.801,emg_data.hdf5,1
177,579.272,emg_data.hdf5,1
178,584.843,emg_data.hdf5,1
179,588.236,emg_data.hdf5,1
180,587.460,emg_data.hdf5,1
181,586.599,emg_data.hdf5,1
182,586.398,emg_data.hdf5,1
183,592.159,emg_data.hdf5,1
184,597.568,emg_data.hdf5,1
185,601.409,emg_data.hdf5,1
186,607.572,emg_data.hdf5,1
187,616.898,emg_data.hdf5,1
188,622.991,emg_data.hdf5,1
189,623.180,emg_data.hdf5,1
190,624.719,emg_data.hdf5,1
191,626.453,emg_data.hdf5,1
192,619.746,emg_data.hdf5,1
193,603.960,emg_data.hdf5,1
194,589.316,emg_data.hdf5,1
195,575.840,emg_data.hdf5,1
196,570.987,emg_data.hdf5,1
197,572.541,emg_data.hdf5,1
198,579.438,emg_data.hdf5,1
199,585.446,emg_data.hdf5,1
200,583.897,emg_data.hdf5,1
201,572.872,emg_data.hdf5,1
202,564.917,emg_data.hdf5,1
203,576.164,emg_data.hdf5,1
204,599.625,emg_data.hdf5,1
205,611.739,emg_data.hdf5,1
206,611.806,emg_data.hdf5,1
207,604.165,emg_data.hdf5,1
208,595.825,emg_data.hdf5,1
209,590.480,emg_data.hdf5,1
210,598.083,emg_data.hdf5,1
211,612.022,emg_data.hdf5,1
212,624.758,emg_data.hdf5,1
213,631.209,emg_data.hdf5,1
214,625.577,emg_data.hdf5,1
215,607.286,emg_data.hdf5,1
216,586.975,emg_data.hdf5,1
217,562.436,emg_data.hdf5,1
218,542.857,emg_data.hdf5,1
219,541.948,emg_data.hdf5,1
220,554.164,emg_data.hdf5,1
221,566.979,emg_data.hdf5,1
222,573.830,emg_data.hdf5,1
223,578.830,emg_data.hdf5,1
224,581.637,emg_data.hdf5,1
225,584.991,emg_data.hdf5,1
226,587.706,emg_data.hdf5,1
227,588.178,emg_data.hdf5,1
228,592.408,emg_data.hdf5,1
229,598.473,emg_data.hdf5,1
230,601.758,emg_data.hdf5,1
231,602.240,emg_data.hdf5,1
232,598.693,emg_data.hdf5,1
233,595.115,emg_data.hdf5,1
234,593.485,emg_data.hdf5,1
235,591.842,emg_data.hdf5,1
236,585.225,emg_data.hdf5,1
237,581.432,emg_data.hdf5,1
238,579.057,emg_data.hdf5,1
239,577.290,emg_data.hdf5,1
240,573.193,emg_data.hdf5,1
241,572.750,emg_data.hdf5,1
242,576.737,emg_data.hdf5,1
243,582.755,emg_data.hdf5,1
244,587.142,emg_data.hdf5,1
245,588.161,emg_data.hdf5,1
246,592.904,emg_data.hdf5,1
247,598.173,emg_data.hdf5,1
248,597.549,emg_data.hdf5,1
249,593.949,emg_data.hdf5,1
250,592.629,emg_data.hdf5,1
251,586.650,emg_data.hdf5,1
252,586.539,emg_data.hdf5,1
253,586.938,emg_data.hdf5,1
254,590.856,emg_data.hdf5,1
255,602.984,emg_data.hdf5,1
256,618.859,emg_data.hdf5,1
257,632.648,emg_data.hdf5,1
258,635.081,emg_data.hdf5,1
259,623.080,emg_data.hdf5,1
260,610.051,emg_data.hdf5,1
261,603.604,emg_data.hdf5,1
262,599.833,emg_data.hdf5,1
263,589.957,emg_data.hdf5,1
264,581.149,emg_data.hdf5,1
265,576.269,emg_data.hdf5,1
266,577.082,emg_data.hdf5,1
267,574.934,emg_data.hdf5,1
268,560.570,emg_data.hdf5,1
269,538.954,emg_data.hdf5,1
270,523.955,emg_data.hdf5,1
271,527.421,emg_data.hdf5,1
272,539.996,emg_data.hdf5,1
273,549.292,emg_data.hdf5,1
274,559.921,emg_data.hdf5,1
275,572.201,emg_data.hdf5,1
276,583.610,emg_data.hdf5,1
277,590.130,emg_data.hdf5,1
278,587.882,emg_data.hdf5,1
279,586.085,emg_data.hdf5,1
280,591.702,emg_data.hdf5,1
281,598.406,emg_data.hdf5,1
282,601.153,emg_data.hdf5,1
283,598.812,emg_data.hdf5,1
284,597.106,emg_data.hdf5,1
285,598.607,emg_data.hdf5,1
286,602.104,emg_data.hdf5,1
287,605.636,emg_data.hdf5,1
288,604.530,emg_data.hdf5,1
289,603.422,emg_data.hdf5,1
290,605.191,emg_data.hdf5,1
291,614.465,emg_data.hdf5,1
292,616.869,emg_data.hdf5,1
293,608.732,emg_data.hdf5,1
294,594.172,emg_data.hdf5,1
295,590.106,emg_data.hdf5,1
296,592.125,emg_data.hdf5,1
297,595.301,emg_data.hdf5,1
298,595.219,emg_data.hdf5,1
299,596.451,emg_data.hdf5,1
300,596.380,emg_data.hdf5,1
301,592.999,emg_data.hdf5,1
302,581.009,emg_data.hdf5,1
303,567.970,emg_data.hdf5,1
304,566.615,emg_data.hdf5,1
305,576.397,emg_data.hdf5,1
306,595.557,emg_data.hdf5,1
307,610.308,emg_data.hdf5,1
308,606.034,emg_data.hdf5,1
309,585.917,emg_data.hdf5,1
310,570.390,emg_data.hdf5,1
311,576.968,emg_data.hdf5,1
312,595.758,emg_data.hdf5,1
313,607.424,emg_data.hdf5,1
314,603.620,emg_data.hdf5,1
315,602.119,emg_data.hdf5,1
316,605.046,emg_data.hdf5,1
317,607.225,emg_data.hdf5,1
318,607.174,emg_data.hdf5,1
319,599.937,emg_data.hdf5,1
320,594.265,emg_data.hdf5,1
321,594.329,emg_data.hdf5,1
322,602.128,emg_data.hdf5,1
323,607.435,emg_data.hdf5,1
324,606.198,emg_data.hdf5,1
325,599.945,emg_data.hdf5,1
326,592.147,emg_data.hdf5,1
327,585.978,emg_data.hdf5,1
328,582.220,emg_data.hdf5,1
329,582.783,emg_data.hdf5,1
330,583.854,emg_data.hdf5,1
331,585.765,emg_data.hdf5,1
332,579.842,emg_data.hdf5,1
333,573.538,emg_data.hdf5,1
334,569.242,emg_data.hdf5,1
335,569.092,emg_data.hdf5,1
336,571.447,emg_data.hdf5,1
337,575.345,emg_data.hdf5,1
338,583.081,emg_data.hdf5,1
339,591.038,emg_data.hdf5,1
340,591.776,emg_data.hdf5,1
341,586.442,emg_data.hdf5,1
342,577.157,emg_data.hdf5,1
343,573.900,emg_data.hdf5,1
344,571.952,emg_data.hdf5,1
345,572.925,emg_data.hdf5,1
346,579.056,emg_data.hdf5,1
347,588.126,emg_data.hdf5,1
348,596.199,emg_data.hdf5,1
349,598.740,emg_data.hdf5,1
350,601.014,emg_data.hdf5,1
351,606.813,emg_data.hdf5,1
352,609.691,emg_data.hdf5,1
353,605.878,emg_data.hdf5,1
354,601.030,emg_data.hdf5,1
355,596.441,emg_data.hdf5,1
356,592.554,emg_data.hdf5,1
357,584.903,emg_data.hdf5,1
358,581.368,emg_data.hdf5,1
359,581.134,emg_data.hdf5,1
360,577.818,emg_data.hdf5,1
361,574.203,emg_data.hdf5,1
362,575.487,emg_data.hdf5,1
363,579.392,emg_data.hdf5,1
364,581.081,emg_data.hdf5,1
365,586.789,emg_data.hdf5,1
366,589.853,emg_data.hdf5,1
367,584.897,emg_data.hdf5,1
368,585.018,emg_data.hdf5,1
369,586.624,emg_data.hdf5,1
370,584.839,emg_data.hdf5,1
371,581.431,emg_data.hdf5,1
372,583.277,emg_data.hdf5,1
373,584.899,emg_data.hdf5,1
374,591.536,emg_data.hdf5,1
375,597.419,emg_data.hdf5,1
376,601.269,emg_data.hdf5,1
377,606.273,emg_data.hdf5,1
378,612.529,emg_data.hdf5,1
379,621.859,emg_data.hdf5,1
380,631.975,emg_data.hdf5,1
381,636.900,emg_data.hdf5,1
382,627.028,emg_data.hdf5,1
383,602.683,emg_data.hdf5,1
384,576.966,emg_data.hdf5,1
385,570.158,emg_data.hdf5,1
386,580.362,emg_data.hdf5,1
387,594.694,emg_data.hdf5,1
388,598.698,emg_data.hdf5,1
389,597.987,emg_data.hdf5,1
390,590.254,emg_data.hdf5,1
391,577.978,emg_data.hdf5,1
392,571.743,emg_data.hdf5,1
393,574.092,emg_data.hdf5,1
394,583.077,emg_data.hdf5,1
395,584.810,emg_data.hdf5,1
396,584.146,emg_data.hdf5,1
397,583.462,emg_data.hdf5,1
398,581.646,emg_data.hdf5,1
399,585.077,emg_data.hdf5,1
400,585.989,emg_data.hdf5,1
401,582.400,emg_data.hdf5,1
402,578.289,emg_data.hdf5,1
403,577.956,emg_data.hdf5,1
404,576.560,emg_data.hdf5,1
405,580.821,emg_data.hdf5,1
406,584.554,emg_data.hdf5,1
407,583.632,emg_data.hdf5,1
408,581.190,emg_data.hdf5,1
409,582.558,emg_data.hdf5,1
410,589.352,emg_data.hdf5,1
411,596.326,emg_data.hdf5,1
412,600.436,emg_data.hdf5,1
413,596.359,emg_data.hdf5,1
414,590.142,emg_data.hdf5,1
415,586.048,emg_data.hdf5,1
416,582.725,emg_data.hdf5,1
417,580.843,emg_data.hdf5,1
418,578.490,emg_data.hdf5,1
419,576.605,emg_data.hdf5,1
420,574.639,emg_data.hdf5,1
421,576.205,emg_data.hdf5,1
422,581.748,emg_data.hdf5,1
423,585.648,emg_data.hdf5,1
424,586.862,emg_data.hdf5,1
425,578.274,emg_data.hdf5,1
426,569.052,emg_data.hdf5,1
427,572.158,emg_data.hdf5,1
428,585.187,emg_data.hdf5,1
429,591.443,emg_data.hdf5,1
430,595.210,emg_data.hdf5,1
431,596.460,emg_data.hdf5,1
432,591.001,emg_data.hdf5,1
433,588.361,emg_data.hdf5,1
434,588.294,emg_data.hdf5,1
435,585.963,emg_data.hdf5,1
436,579.933,emg_data.hdf5,1
437,576.613,emg_data.hdf5,1
438,579.234,emg_data.hdf5,1
439,587.470,emg_data.hdf5,1
440,589.466,emg_data.hdf5,1
441,584.514,emg_data.hdf5,1
442,582.521,emg_data.hdf5,1
443,582.963,emg_data.hdf5,1
444,584.826,emg_data.hdf5,1
445,589.499,emg_data.hdf5,1
446,599.823,emg_data.hdf5,1
447,614.515,emg_data.hdf5,1
448,622.094,emg_data.hdf5,1
449,625.317,emg_data.hdf5,1
450,629.887,emg_data.hdf5,1
451,625.354,emg_data.hdf5,1
452,609.905,emg_data.hdf5,1
453,600.297,emg_data.hdf5,1
454,598.703,emg_data.hdf5,1
455,598.750,emg_data.hdf5,1
456,594.867,emg_data.hdf5,1
457,590.088,emg_data.hdf5,1
458,590.226,emg_data.hdf5,1
459,591.048,emg_data.hdf5,1
460,586.588,emg_data.hdf5,1
461,583.915,emg_data.hdf5,1
462,586.758,emg_data.hdf5,1
463,588.350,emg_data.hdf5,1
464,590.990,emg_data.hdf5,1
465,596.426,emg_data.hdf5,1
466,604.747,emg_data.hdf5,1
467,601.768,emg_data.hdf5,1
468,587.654,emg_data.hdf5,1
469,574.516,emg_data.hdf5,1
470,574.026,emg_data.hdf5,1
471,583.718,emg_data.hdf5,1
472,592.900,emg_data.hdf5,1
473,597.985,emg_data.hdf5,1
474,601.763,emg_data.hdf5,1
475,609.139,emg_data.hdf5,1
476,609.111,emg_data.hdf5,1
477,609.522,emg_data.hdf5,1
478,608.539,emg_data.hdf5,1
479,600.884,emg_data.hdf5,1
480,596.010,emg_data.hdf5,1
481,594.132,emg_data.hdf5,1
482,588.132,emg_data.hdf5,1
483,582.001,emg_data.hdf5,1
484,580.507,emg_data.hdf5,1
485,580.550,emg_data.hdf5,1
486,581.274,emg_data.hdf5,1
487,584.296,emg_data.hdf5,1
488,585.997,emg_data.hdf5,1
489,586.995,emg_data.hdf5,1
490,584.855,emg_data.hdf5,1
491,579.306,emg_data.hdf5,1
492,573.303,emg_data.hdf5,1
493,572.737,emg_data.hdf5,1
494,570.421,emg_data.hdf5,1
495,565.046,emg_data.hdf5,1
496,561.747,emg_data.hdf5,1
497,564.444,emg_data.hdf5,1
498,572.126,emg_data.hdf5,1
499,581.383,emg_data.hdf5,1
500,589.557,emg_data.hdf5,1
501,591.710,emg_data.hdf5,1
502,595.233,emg_data.hdf5,1
503,602.575,emg_data.hdf5,1
504,604.882,emg_data.hdf5,1
505,601.922,emg_data.hdf5,1
506,603.227,emg_data.hdf5,1
507,603.755,emg_data.hdf5,1
508,596.423,emg_data.hdf5,1
509,586.818,emg_data.hdf5,1
510,584.071,emg_data.hdf5,1
511,590.056,emg_data.hdf5,1
512,587.860,emg_data.hdf5,1
513,583.038,emg_data.hdf5,1
514,579.670,emg_data.hdf5,1
515,579.654,emg_data.hdf5,1
516,578.711,emg_data.hdf5,1
517,576.770,emg_data.hdf5,1
518,577.545,emg_data.hdf5,1
519,585.597,emg_data.hdf5,1
520,591.803,emg_data.hdf5,1
521,585.073,emg_data.hdf5,1
522,579.857,emg_data.hdf5,1
523,582.537,emg_data.hdf5,1
524,588.893,emg_data.hdf5,1
525,589.876,emg_data.hdf5,1
526,587.750,emg_data.hdf5,1
527,589.475,emg_data.hdf5,1
528,593.902,emg_data.hdf5,1
529,601.306,emg_data.hdf5,1
530,613.140,emg_data.hdf5,1
531,616.649,emg_data.hdf5,1
532,608.566,emg_data.hdf5,1
533,595.871,emg_data.hdf5,1
534,583.339,emg_data.hdf5,1
535,572.754,emg_data.hdf5,1
536,567.431,emg_data.hdf5,1
537,561.300,emg_data.hdf5,1
538,557.121,emg_data.hdf5,1
539,560.211,emg_data.hdf5,1
540,564.625,emg_data.hdf5,1
541,566.096,emg_data.hdf5,1
542,566.843,emg_data.hdf5,1
543,575.020,emg_data.hdf5,1
544,588.869,emg_data.hdf5,1
545,604.955,emg_data.hdf5,1
546,622.850,emg_data.hdf5,1
547,642.019,emg_data.hdf5,1
548,634.609,emg_data.hdf5,1
549,612.040,emg_data.hdf5,1
550,594.439,emg_data.hdf5,1
551,586.293,emg_data.hdf5,1
552,580.565,emg_data.hdf5,1
553,564.959,emg_data.hdf5,1
554,545.437,emg_data.hdf5,1
555,543.032,emg_data.hdf5,1
556,558.843,emg_data.hdf5,1
557,577.681,emg_data.hdf5,1
558,593.134,emg_data.hdf5,1
559,606.766,emg_data.hdf5,1
560,614.533,emg_data.hdf5,1
561,616.418,emg_data.hdf5,1
562,614.932,emg_data.hdf5,1
563,616.310,emg_data.hdf5,1
564,622.328,emg_data.hdf5,1
565,626.427,emg_data.hdf5,1
566,625.718,emg_data.hdf5,1
567,618.366,emg_data.hdf5,1
568,610.315,emg_data.hdf5,1
569,597.588,emg_data.hdf5,1
570,590.842,emg_data.hdf5,1
571,597.532,emg_data.hdf5,1
572,608.732,emg_data.hdf5,1
573,613.158,emg_data.hdf5,1
574,608.289,emg_data.hdf5,1
575,600.365,emg_data.hdf5,1
576,600.170,emg_data.hdf5,1
577,599.596,emg_data.hdf5,1
578,590.576,emg_data.hdf5,1
579,578.522,emg_data.hdf5,1
580,566.410,emg_data.hdf5,1
581,558.477,emg_data.hdf5,1
582,555.605,emg_data.hdf5,1
583,556.248,emg_data.hdf5,1
584,552.926,emg_data.hdf5,1
585,547.111,emg_data.hdf5,1
586,548.468,emg_data.hdf5,1
587,552.300,emg_data.hdf5,1
588,563.841,emg_data.hdf5,1
589,573.874,emg_data.hdf5,1
590,584.252,emg_data.hdf5,1
591,591.219,emg_data.hdf5,1
592,595.241,emg_data.hdf5,1
593,595.854,emg_data.hdf5,1
594,593.136,emg_data.hdf5,1
595,592.380,emg_data.hdf5,1
596,595.815,emg_data.hdf5,1
597,599.696,emg_data.hdf5,1
598,602.751,emg_data.hdf5,1
599,601.255,emg_data.hdf5,1
600,595.067,emg_data.hdf5,1
601,590.081,emg_data.hdf5,1
602,578.534,emg_data.hdf5,1
603,576.370,emg_data.hdf5,1
604,577.365,emg_data.hdf5,1
605,575.611,emg_data.hdf5,1
606,567.954,emg_data.hdf5,1
607,561.740,emg_data.hdf5,1
608,563.301,emg_data.hdf5,1
609,568.656,emg_data.hdf5,1
610,571.016,emg_data.hdf5,1
611,569.443,emg_data.hdf5,1
612,573.305,emg_data.hdf5,1
613,583.666,emg_data.hdf5,1
614,592.568,emg_data.hdf5,1
615,605.505,emg_data.hdf5,1
616,615.784,emg_data.hdf5,1
617,621.123,emg_data.hdf5,1
618,616.787,emg_data.hdf5,1
619,610.827,emg_data.hdf5,1
620,611.848,emg_data.hdf5,1
621,612.177,emg_data.hdf5,1
622,609.166,emg_data.hdf5,1
623,603.714,emg_data.hdf5,1
624,596.081,emg_data.hdf5,1
625,588.884,emg_data.hdf5,1
626,588.159,emg_data.hdf5,1
627,592.905,emg_data.hdf5,1
628,597.883,emg_data.hdf5,1
629,594.863,emg_data.hdf5,1
630,591.818,emg_data.hdf5,1
631,592.345,emg_data.hdf5,1
632,594.316,emg_data.hdf5,1
633,592.840,emg_data.hdf5,1
634,590.372,emg_data.hdf5,1
635,592.724,emg_data.hdf5,1
636,598.159,emg_data.hdf5,1
637,595.261,emg_data.hdf5,1
638,591.903,emg_data.hdf5,1
639,584.015,emg_data.hdf5,1
640,575.345,emg_data.hdf5,1
641,568.601,emg_data.hdf5,1
642,565.701,emg_data.hdf5,1
643,565.509,emg_data.hdf5,1
644,571.165,emg_data.hdf5,1
645,577.349,emg_data.hdf5,1
646,584.832,emg_data.hdf5,1
647,592.753,emg_data.hdf5,1
648,602.157,emg_data.hdf5,1
649,609.707,emg_data.hdf5,1
650,613.342,emg_data.hdf5,1
651,614.339,emg_data.hdf5,1
652,613.159,emg_data.hdf5,1
653,615.288,emg_data.hdf5,1
654,618.354,emg_data.hdf5,1
655,619.533,emg_data.hdf5,1
656,602.638,emg_data.hdf5,1
657,582.956,emg_data.hdf5,1
658,577.642,emg_data.hdf5,1
659,585.885,emg_data.hdf5,1
660,596.024,emg_data.hdf5,1
661,598.146,emg_data.hdf5,1
662,595.179,emg_data.hdf5,1
663,592.080,emg_data.hdf5,1
664,590.072,emg_data.hdf5,1
665,574.132,emg_data.hdf5,1
666,553.311,emg_data.hdf5,1
667,538.387,emg_data.hdf5,1
668,540.436,emg_data.hdf5,1
669,557.294,emg_data.hdf5,1
670,570.971,emg_data.hdf5,1
671,575.625,emg_data.hdf5,1
672,576.954,emg_data.hdf5,1
673,584.841,emg_data.hdf5,1
674,593.416,emg_data.hdf5,1
675,591.719,emg_data.hdf5,1
676,589.470,emg_data.hdf5,1
677,594.865,emg_data.hdf5,1
678,598.720,emg_data.hdf5,1
679,596.431,emg_data.hdf5,1
680,596.592,emg_data.hdf5,1
681,600.076,emg_data.hdf5,1
682,608.223,emg_data.hdf5,1
683,606.951,emg_data.hdf5,1
684,602.651,emg_data.hdf5,1
685,601.642,emg_data.hdf5,1
686,601.396,emg_data.hdf5,1
687,597.613,emg_data.hdf5,1
688,590.625,emg_data.hdf5,1
689,584.994,emg_data.hdf5,1
690,578.593,emg_data.hdf5,1
691,571.901,emg_data.hdf5,1
692,574.990,emg_data.hdf5,1
693,588.515,emg_data.hdf5,1
694,594.375,emg_data.hdf5,1
695,587.700,emg_data.hdf5,1
696,577.539,emg_data.hdf5,1
697,573.329,emg_data.hdf5,1
698,571.368,emg_data.hdf5,1
699,569.478,emg_data.hdf5,1
700,570.106,emg_data.hdf5,1
701,569.291,emg_data.hdf5,1
702,569.428,emg_data.hdf5,1
703,571.881,emg_data.hdf5,1
704,578.749,emg_data.hdf5,1
705,586.992,emg_data.hdf5,1
706,594.638,emg_data.hdf5,1
707,602.397,emg_data.hdf5,1
708,608.510,emg_data.hdf5,1
709,619.516,emg_data.hdf5,1
710,636.312,emg_data.hdf5,1
711,647.366,emg_data.hdf5,1
712,650.114,emg_data.hdf5,1
713,649.018,emg_data.hdf5,1
714,646.078,emg_data.hdf5,1
715,642.666,emg_data.hdf5,1
716,647.392,emg_data.hdf5,1
717,645.965,emg_data.hdf5,1
718,623.024,emg_data.hdf5,1
719,580.668,emg_data.hdf5,1
720,550.281,emg_data.hdf5,1
721,541.584,emg_data.hdf5,1
722,543.785,emg_data.hdf5,1
723,549.178,emg_data.hdf5,1
724,551.596,emg_data.hdf5,1
725,550.636,emg_data.hdf5,1
726,542.478,emg_data.hdf5,1
727,532.063,emg_data.hdf5,1
728,529.735,emg_data.hdf5,1
729,534.825,emg_data.hdf5,1
730,545.502,emg_data.hdf5,1
731,559.077,emg_data.hdf5,1
732,571.504,emg_data.hdf5,1
733,583.727,emg_data.hdf5,1
734,598.836,emg_data.hdf5,1
735,609.932,emg_data.hdf5,1
736,619.447,emg_data.hdf5,1
737,623.531,emg_data.hdf5,1
738,628.589,emg_data.hdf5,1
739,633.450,emg_data.hdf5,1
740,634.862,emg_data.hdf5,1
741,634.037,emg_data.hdf5,1
742,621.813,emg_data.hdf5,1
743,609.581,emg_data.hdf5,1
744,597.357,emg_data.hdf5,1
745,584.934,emg_data.hdf5,1
746,577.118,emg_data.hdf5,1
747,569.911,emg_data.hdf5,1
748,564.018,emg_data.hdf5,1
749,562.192,emg_data.hdf5,1
750,568.797,emg_data.hdf5,1
751,572.794,emg_data.hdf5,1
752,569.980,emg_data.hdf5,1
753,567.785,emg_data.hdf5,1
754,570.058,emg_data.hdf5,1
755,579.119,emg_data.hdf5,1
756,589.406,emg_data.hdf5,1
757,590.711,emg_data.hdf5,1
758,576.758,emg_data.hdf5,1
759,559.528,emg_data.hdf5,1
760,552.453,emg_data.hdf5,1
761,560.046,emg_data.hdf5,1
762,573.802,emg_data.hdf5,1
763,586.625,emg_data.hdf5,1
764,592.126,emg_data.hdf5,1
765,596.067,emg_data.hdf5,1
766,599.254,emg_data.hdf5,1
767,603.573,emg_data.hdf5,1
768,608.303,emg_data.hdf5,1
769,605.721,emg_data.hdf5,1
770,597.158,emg_data.hdf5,1
771,589.158,emg_data.hdf5,1
772,588.271,emg_data.hdf5,1
773,591.836,emg_data.hdf5,1
774,592.135,emg_data.hdf5,1
775,593.565,emg_data.hdf5,1
776,596.558,emg_data.hdf5,1
777,609.124,emg_data.hdf5,1
778,622.934,emg_data.hdf5,1
779,631.195,emg_data.hdf5,1
780,630.193,emg_data.hdf5,1
781,626.489,emg_data.hdf5,1
782,620.862,emg_data.hdf5,1
783,618.771,emg_data.hdf5,1
784,622.091,emg_data.hdf5,1
785,617.936,emg_data.hdf5,1
786,603.934,emg_data.hdf5,1
787,590.684,emg_data.hdf5,1
788,584.072,emg_data.hdf5,1
789,578.548,emg_data.hdf5,1
790,573.575,emg_data.hdf5,1
791,570.932,emg_data.hdf5,1
792,569.334,emg_data.hdf5,1
793,565.549,emg_data.hdf5,1
794,563.166,emg_data.hdf5,1
795,564.667,emg_data.hdf5,1
796,568.069,emg_data.hdf5,1
797,572.654,emg_data.hdf5,1
798,578.942,emg_data.hdf5,1
799,581.431,emg_data.hdf5,1
800,580.017,emg_data.hdf5,1
801,576.625,emg_data.hdf5,1
802,577.879,emg_data.hdf5,1
803,577.211,emg_data.hdf5,1
804,577.106,emg_data.hdf5,1
805,575.676,emg_data.hdf5,1
806,577.766,emg_data.hdf5,1
807,584.228,emg_data.hdf5,1
808,595.174,emg_data.hdf5,1
809,603.975,emg_data.hdf5,1
810,603.109,emg_data.hdf5,1
811,599.941,emg_data.hdf5,1
812,596.371,emg_data.hdf5,1
813,586.871,emg_data.hdf5,1
814,576.731,emg_data.hdf5,1
815,574.514,emg_data.hdf5,1
816,570.576,emg_data.hdf5,1
817,574.482,emg_data.hdf5,1
818,580.197,emg_data.hdf5,1
819,585.269,emg_data.hdf5,1
820,587.717,emg_data.hdf5,1
821,593.919,emg_data.hdf5,1
822,600.617,emg_data.hdf5,1
823,609.124,emg_data.hdf5,1
824,619.290,emg_data.hdf5,1
825,620.523,emg_data.hdf5,1
826,618.628,emg_data.hdf5,1
827,622.521,emg_data.hdf5,1
828,625.948,emg_data.hdf5,1
829,623.604,emg_data.hdf5,1
830,609.148,emg_data.hdf5,1
831,591.842,emg_data.hdf5,1
832,576.212,emg_data.hdf5,1
833,567.166,emg_data.hdf5,1
834,558.111,emg_data.hdf5,1
835,542.448,emg_data.hdf5,1
836,528.641,emg_data.hdf5,1
837,532.458,emg_data.hdf5,1
838,547.275,emg_data.hdf5,1
839,560.004,emg_data.hdf5,1
840,566.749,emg_data.hdf5,1
841,570.990,emg_data.hdf5,1
842,579.441,emg_data.hdf5,1
843,586.018,emg_data.hdf5,1
844,587.454,emg_data.hdf5,1
845,581.235,emg_data.hdf5,1
846,579.444,emg_data.hdf5,1
847,580.837,emg_data.hdf5,1
848,587.894,emg_data.hdf5,1
849,591.826,emg_data.hdf5,1
850,591.186,emg_data.hdf5,1
851,590.287,emg_data.hdf5,1
852,588.494,emg_data.hdf5,1
853,591.806,emg_data.hdf5,1
854,602.521,emg_data.hdf5,1
855,614.524,emg_data.hdf5,1
856,622.085,emg_data.hdf5,1
857,625.422,emg_data.hdf5,1
858,624.893,emg_data.hdf5,1
859,617.267,emg_data.hdf5,1
860,605.556,emg_data.hdf5,1
861,596.171,emg_data.hdf5,1
862,594.356,emg_data.hdf5,1
863,597.211,emg_data.hdf5,1
864,597.544,emg_data.hdf5,1
865,592.419,emg_data.hdf5,1
866,590.022,emg_data.hdf5,1
867,590.578,emg_data.hdf5,1
868,590.890,emg_data.hdf5,1
869,592.978,emg_data.hdf5,1
870,596.564,emg_data.hdf5,1
871,598.761,emg_data.hdf5,1
872,592.363,emg_data.hdf5,1
873,582.407,emg_data.hdf5,1
874,580.200,emg_data.hdf5,1
875,583.732,emg_data.hdf5,1
876,586.557,emg_data.hdf5,1
877,587.782,emg_data.hdf5,1
878,592.992,emg_data.hdf5,1
879,600.578,emg_data.hdf5,1
880,603.889,emg_data.hdf5,1
881,599.934,emg_data.hdf5,1
882,595.227,emg_data.hdf5,1
883,595.293,emg_data.hdf5,1
884,595.994,emg_data.hdf5,1
885,599.422,emg_data.hdf5,1
886,604.173,emg_data.hdf5,1
887,610.393,emg_data.hdf5,1
888,617.073,emg_data.hdf5,1
889,625.598,emg_data.hdf5,1
890,623.567,emg_data.hdf5,1
891,609.376,emg_data.hdf5,1
892,583.465,emg_data.hdf5,1
893,562.465,emg_data.hdf5,1
894,558.554,emg_data.hdf5,1
895,566.077,emg_data.hdf5,1
896,574.629,emg_data.hdf5,1
897,573.914,emg_data.hdf5,1
898,569.254,emg_data.hdf5,1
899,560.547,emg_data.hdf5,1
900,559.497,emg_data.hdf5,1
901,557.182,emg_data.hdf5,1
902,553.629,emg_data.hdf5,1
903,551.784,emg_data.hdf5,1
904,547.860,emg_data.hdf5,1
905,552.806,emg_data.hdf5,1
906,561.421,emg_data.hdf5,1
907,574.452,emg_data.hdf5,1
908,587.898,emg_data.hdf5,1
909,602.370,emg_data.hdf5,1
910,617.742,emg_data.hdf5,1
911,624.551,emg_data.hdf5,1
912,627.866,emg_data.hdf5,1
913,626.208,emg_data.hdf5,1
914,616.633,emg_data.hdf5,1
915,603.595,emg_data.hdf5,1
916,596.102,emg_data.hdf5,1
917,589.726,emg_data.hdf5,1
918,586.557,emg_data.hdf5,1
919,587.207,emg_data.hdf5,1
920,587.137,emg_data.hdf5,1
921,582.412,emg_data.hdf5,1
922,577.893,emg_data.hdf5,1
923,575.088,emg_data.hdf5,1
924,575.185,emg_data.hdf5,1
925,578.828,emg_data.hdf5,1
926,574.160,emg_data.hdf5,1
927,571.503,emg_data.hdf5,1
928,570.974,emg_data.hdf5,1
929,576.580,emg_data.hdf5,1
930,583.773,emg_data.hdf5,1
931,592.077,emg_data.hdf5,1
932,608.677,emg_data.hdf5,1
933,620.309,emg_data.hdf5,1
934,618.649,emg_data.hdf5,1
935,612.624,emg_data.hdf5,1
936,605.846,emg_data.hdf5,1
937,606.240,emg_data.hdf5,1
938,606.041,emg_data.hdf5,1
939,607.005,emg_data.hdf5,1
940,595.885,emg_data.hdf5,1
941,571.243,emg_data.hdf5,1
942,550.424,emg_data.hdf5,1
943,548.442,emg_data.hdf5,1
944,557.887,emg_data.hdf5,1
945,564.053,emg_data.hdf5,1
946,564.362,emg_data.hdf5,1
947,569.138,emg_data.hdf5,1
948,578.306,emg_data.hdf5,1
949,588.870,emg_data.hdf5,1
950,594.694,emg_data.hdf5,1
951,595.246,emg_data.hdf5,1
952,597.000,emg_data.hdf5,1
953,599.096,emg_data.hdf5,1
954,604.305,emg_data.hdf5,1
955,611.699,emg_data.hdf5,1
956,610.982,emg_data.hdf5,1
957,604.693,emg_data.hdf5,1
958,594.726,emg_data.hdf5,1
959,589.077,emg_data.hdf5,1
960,589.886,emg_data.hdf5,1
961,591.768,emg_data.hdf5,1
962,594.504,emg_data.hdf5,1
963,595.242,emg_data.hdf5,1
964,594.702,emg_data.hdf5,1
965,593.512,emg_data.hdf5,1
966,594.501,emg_data.hdf5,1
967,594.670,emg_data.hdf5,1
968,595.749,emg_data.hdf5,1
969,598.418,emg_data.hdf5,1
970,599.607,emg_data.hdf5,1
971,600.250,emg_data.hdf5,1
972,598.750,emg_data.hdf5,1
973,596.114,emg_data.hdf5,1
974,589.811,emg_data.hdf5,1
975,588.295,emg_data.hdf5,1
976,589.511,emg_data.hdf5,1
977,588.688,emg_data.hdf5,1
978,588.354,emg_data.hdf5,1
979,590.027,emg_data.hdf5,1
980,588.177,emg_data.hdf5,1
981,586.176,emg_data.hdf5,1
982,583.462,emg_data.hdf5,1
983,580.112,emg_data.hdf5,1
984,578.737,emg_data.hdf5,1
985,575.018,emg_data.hdf5,1
986,573.624,emg_data.hdf5,1
987,575.869,emg_data.hdf5,1
988,580.547,emg_data.hdf5,1
989,581.181,emg_data.hdf5,1
990,579.690,emg_data.hdf5,1
991,580.210,emg_data.hdf5,1
992,582.188,emg_data.hdf5,1
993,587.417,emg_data.hdf5,1
994,593.833,emg_data.hdf5,1
995,593.223,emg_data.hdf5,1
996,588.843,emg_data.hdf5,1
997,586.570,emg_data.hdf5,1
998,585.276,emg_data.hdf5,1
999,588.285,emg_data.hdf5,1
1000,587.219,emg_data.hdf5,1
1001,583.289,emg_data.hdf5,1
1002,580.475,emg_data.hdf5,1
1003,577.896,emg_data.hdf5,1
1004,576.427,emg_data.hdf5,1
1005,579.226,emg_data.hdf5,1
1006,590.067,emg_data.hdf5,1
1007,589.862,emg_data.hdf5,1
1008,587.956,emg_data.hdf5,1
1009,586.011,emg_data.hdf5,1
1010,586.023,emg_data.hdf5,1
1011,587.928,emg_data.hdf5,1
1012,587.765,emg_data.hdf5,1
1013,588.119,emg_data.hdf5,1
1014,586.042,emg_data.hdf5,1
1015,584.841,emg_data.hdf5,1
1016,582.868,emg_data.hdf5,1
1017,582.044,emg_data.hdf5,1
1018,590.053,emg_data.hdf5,1
1019,595.246,emg_data.hdf5,1
1020,594.315,emg_data.hdf5,1
1021,592.937,emg_data.hdf5,1
1022,597.373,emg_data.hdf5,1
1023,603.329,emg_data.hdf5,1
1024,603.079,emg_data.hdf5,1
1025,598.628,emg_data.hdf5,1
1026,596.906,emg_data.hdf5,1
1027,592.668,emg_data.hdf5,1
1028,592.077,emg_data.hdf5,1
1029,592.568,emg_data.hdf5,1
1030,590.643,emg_data.hdf5,1
1031,590.730,emg_data.hdf5,1
1032,593.233,emg_data.hdf5,1
1033,593.531,emg_data.hdf5,1
1034,586.235,emg_data.hdf5,1
1035,583.882,emg_data.hdf5,1
1036,588.326,emg_data.hdf5,1
1037,593.315,emg_data.hdf5,1
1038,591.436,emg_data.hdf5,1
1039,587.162,emg_data.hdf5,1
1040,589.291,emg_data.hdf5,1
1041,591.591,emg_data.hdf5,1
1042,590.078,emg_data.hdf5,1
1043,587.167,emg_data.hdf5,1
1044,585.643,emg_data.hdf5,1
1045,586.579,emg_data.hdf5,1
1046,582.007,emg_data.hdf5,1
1047,580.980,emg_data.hdf5,1
1048,581.424,emg_data.hdf5,1
1049,585.394,emg_data.hdf5,1
1050,586.635,emg_data.hdf5,1
1051,590.006,emg_data.hdf5,1
1052,588.581,emg_data.hdf5,1
1053,591.528,emg_data.hdf5,1
1054,598.770,emg_data.hdf5,1
1055,601.751,emg_data.hdf5,1
1056,595.151,emg_data.hdf5,1
1057,585.395,emg_data.hdf5,1
1058,581.839,emg_data.hdf5,1
1059,580.571,emg_data.hdf5,1
1060,584.898,emg_data.hdf5,1
1061,592.496,emg_data.hdf5,1
1062,600.111,emg_data.hdf5,1
1063,605.023,emg_data.hdf5,1
1064,606.097,emg_data.hdf5,1
1065,605.032,emg_data.hdf5,1
1066,602.829,emg_data.hdf5,1
1067,606.164,emg_data.hdf5,1
1068,612.829,emg_data.hdf5,1
1069,618.587,emg_data.hdf5,1
1070,622.274,emg_data.hdf5,1
1071,623.699,emg_data.hdf5,1
1072,623.054,emg_data.hdf5,1
1073,605.282,emg_data.hdf5,1
1074,576.498,emg_data.hdf5,1
1075,551.348,emg_data.hdf5,1
1076,546.375,emg_data.hdf5,1
1077,551.307,emg_data.hdf5,1
1078,553.703,emg_data.hdf5,1
1079,551.710,emg_data.hdf5,1
1080,551.003,emg_data.hdf5,1
1081,554.772,emg_data.hdf5,1
1082,563.308,emg_data.hdf5,1
1083,575.745,emg_data.hdf5,1
1084,584.889,emg_data.hdf5,1
1085,590.778,emg_data.hdf5,1
1086,588.774,emg_data.hdf5,1
1087,583.090,emg_data.hdf5,1
1088,577.892,emg_data.hdf5,1
1089,587.938,emg_data.hdf5,1
1090,606.838,emg_data.hdf5,1
1091,616.763,emg_data.hdf5,1
1092,609.701,emg_data.hdf5,1
1093,595.512,emg_data.hdf5,1
1094,591.845,emg_data.hdf5,1
1095,593.276,emg_data.hdf5,1
1096,591.858,emg_data.hdf5,1
1097,585.209,emg_data.hdf5,1
1098,582.407,emg_data.hdf5,1
1099,586.241,emg_data.hdf5,1
1100,590.973,emg_data.hdf5,1
1101,603.827,emg_data.hdf5,1
1102,628.188,emg_data.hdf5,1
1103,651.587,emg_data.hdf5,1
1104,657.531,emg_data.hdf5,1
1105,654.991,emg_data.hdf5,1
1106,646.387,emg_data.hdf5,1
1107,634.879,emg_data.hdf5,1
1108,614.171,emg_data.hdf5,1
1109,588.202,emg_data.hdf5,1
1110,564.768,emg_data.hdf5,1
1111,544.955,emg_data.hdf5,1
1112,543.223,emg_data.hdf5,1
1113,550.214,emg_data.hdf5,1
1114,548.555,emg_data.hdf5,1
1115,526.707,emg_data.hdf5,1
1116,512.897,emg_data.hdf5,1
1117,521.799,emg_data.hdf5,1
1118,543.463,emg_data.hdf5,1
1119,558.798,emg_data.hdf5,1
1120,565.836,emg_data.hdf5,1
1121,573.526,emg_data.hdf5,1
1122,583.831,emg_data.hdf5,1
1123,590.870,emg_data.hdf5,1
1124,600.478,emg_data.hdf5,1
1125,619.235,emg_data.hdf5,1
1126,641.193,emg_data.hdf5,1
1127,647.127,emg_data.hdf5,1
1128,637.598,emg_data.hdf5,1
1129,621.542,emg_data.hdf5,1
1130,602.659,emg_data.hdf5,1
1131,583.318,emg_data.hdf5,1
1132,575.364,emg_data.hdf5,1
1133,570.212,emg_data.hdf5,1
1134,571.583,emg_data.hdf5,1
1135,574.155,emg_data.hdf5,1
1136,574.960,emg_data.hdf5,1
1137,570.613,emg_data.hdf5,1
1138,565.240,emg_data.hdf5,1
1139,565.391,emg_data.hdf5,1
1140,567.351,emg_data.hdf5,1
1141,570.968,emg_data.hdf5,1
1142,571.600,emg_data.hdf5,1
1143,577.685,emg_data.hdf5,1
1144,584.595,emg_data.hdf5,1
1145,590.111,emg_data.hdf5,1
1146,594.997,emg_data.hdf5,1
1147,599.548,emg_data.hdf5,1
1148,603.377,emg_data.hdf5,1
1149,603.894,emg_data.hdf5,1
1150,599.642,emg_data.hdf5,1
1151,598.681,emg_data.hdf5,1
1152,600.305,emg_data.hdf5,1
1153,605.310,emg_data.hdf5,1
1154,601.402,emg_data.hdf5,1
1155,595.017,emg_data.hdf5,1
1156,593.583,emg_data.hdf5,1
1157,594.142,emg_data.hdf5,1
1158,592.917,emg_data.hdf5,1
1159,590.008,emg_data.hdf5,1
1160,589.537,emg_data.hdf5,1
1161,582.525,emg_data.hdf5,1
1162,571.070,emg_data.hdf5,1
1163,562.485,emg_data.hdf5,1
1164,563.041,emg_data.hdf5,1
1165,568.914,emg_data.hdf5,1
1166,579.774,emg_data.hdf5,1
1167,594.509,emg_data.hdf5,1
1168,610.005,emg_data.hdf5,1
1169,613.526,emg_data.hdf5,1
1170,604.376,emg_data.hdf5,1
1171,589.478,emg_data.hdf5,1
1172,585.269,emg_data.hdf5,1
1173,599.608,emg_data.hdf5,1
1174,624.701,emg_data.hdf5,1
1175,659.552,emg_data.hdf5,1
1176,690.288,emg_data.hdf5,1
1177,716.474,emg_data.hdf5,1
1178,731.927,emg_data.hdf5,1
1179,721.682,emg_data.hdf5,1
1180,667.118,emg_data.hdf5,1
1181,576.537,emg_data.hdf5,1
1182,514.392,emg_data.hdf5,1
1183,509.960,emg_data.hdf5,1
1184,528.835,emg_data.hdf5,1
1185,532.840,emg_data.hdf5,1
1186,512.184,emg_data.hdf5,1
1187,486.356,emg_data.hdf5,1
1188,486.370,emg_data.hdf5,1
1189,513.684,emg_data.hdf5,1
1190,549.786,emg_data.hdf5,1
1191,578.130,emg_data.hdf5,1
1192,599.593,emg_data.hdf5,1
1193,612.346,emg_data.hdf5,1
1194,615.136,emg_data.hdf5,1
1195,609.971,emg_data.hdf5,1
1196,601.477,emg_data.hdf5,1
1197,595.230,emg_data.hdf5,1
1198,595.002,emg_data.hdf5,1
1199,594.749,emg_data.hdf5,1
1200,593.370,emg_data.hdf5,1
1201,589.463,emg_data.hdf5,1
1202,589.695,emg_data.hdf5,1
1203,590.040,emg_data.hdf5,1
1204,590.081,emg_data.hdf5,1
1205,593.492,emg_data.hdf5,1
1206,593.370,emg_data.hdf5,1
1207,591.190,emg_data.hdf5,1
1208,587.982,emg_data.hdf5,1
1209,589.821,emg_data.hdf5,1
1210,593.559,emg_data.hdf5,1
1211,595.029,emg_data.hdf5,1
1212,592.229,emg_data.hdf5,1
1213,591.745,emg_data.hdf5,1
1214,599.130,emg_data.hdf5,1
1215,601.778,emg_data.hdf5,1
1216,599.919,emg_data.hdf5,1
1217,599.461,emg_data.hdf5,1
1218,600.491,emg_data.hdf5,1
1219,601.579,emg_data.hdf5,1
1220,600.883,emg_data.hdf5,1
1221,598.121,emg_data.hdf5,1
1222,590.121,emg_data.hdf5,1
1223,579.069,emg_data.hdf5,1
1224,574.114,emg_data.hdf5,1
1225,573.275,emg_data.hdf5,1
1226,576.025,emg_data.hdf5,1
1227,576.941,emg_data.hdf5,1
1228,579.101,emg_data.hdf5,1
1229,583.862,emg_data.hdf5,1
1230,584.893,emg_data.hdf5,1
1231,581.377,emg_data.hdf5,1
1232,574.797,emg_data.hdf5,1
1233,569.912,emg_data.hdf5,1
1234,566.414,emg_data.hdf5,1
1235,557.514,emg_data.hdf5,1
1236,555.602,emg_data.hdf5,1
1237,558.265,emg_data.hdf5,1
1238,564.925,emg_data.hdf5,1
1239,570.497,emg_data.hdf5,1
1240,569.286,emg_data.hdf5,1
1241,571.446,emg_data.hdf5,1
1242,576.879,emg_data.hdf5,1
1243,584.819,emg_data.hdf5,1
1244,590.848,emg_data.hdf5,1
1245,590.814,emg_data.hdf5,1
1246,590.081,emg_data.hdf5,1
1247,590.040,emg_data.hdf5,1
1248,591.615,emg_data.hdf5,1
1249,593.505,emg_data.hdf5,1
1250,590.288,emg_data.hdf5,1
1251,593.670,emg_data.hdf5,1
1252,602.494,emg_data.hdf5,1
1253,608.413,emg_data.hdf5,1
1254,609.927,emg_data.hdf5,1
1255,608.521,emg_data.hdf5,1
1256,610.970,emg_data.hdf5,1
1257,614.007,emg_data.hdf5,1
1258,615.214,emg_data.hdf5,1
1259,616.030,emg_data.hdf5,1
1260,617.235,emg_data.hdf5,1
1261,620.643,emg_data.hdf5,1
1262,620.331,emg_data.hdf5,1
1263,618.338,emg_data.hdf5,1
1264,610.343,emg_data.hdf5,1
1265,600.629,emg_data.hdf5,1
1266,595.688,emg_data.hdf5,1
1267,598.670,emg_data.hdf5,1
1268,604.152,emg_data.hdf5,1
1269,605.235,emg_data.hdf5,1
1270,599.366,emg_data.hdf5,1
1271,580.064,emg_data.hdf5,1
1272,556.058,emg_data.hdf5,1
1273,537.484,emg_data.hdf5,1
1274,530.879,emg_data.hdf5,1
1275,544.813,emg_data.hdf5,1
1276,567.528,emg_data.hdf5,1
1277,578.560,emg_data.hdf5,1
1278,585.741,emg_data.hdf5,1
1279,592.331,emg_data.hdf5,1
1280,593.562,emg_data.hdf5,1
1281,587.738,emg_data.hdf5,1
1282,580.857,emg_data.hdf5,1
1283,580.969,emg_data.hdf5,1
1284,587.571,emg_data.hdf5,1
1285,597.804,emg_data.hdf5,1
1286,610.477,emg_data.hdf5,1
1287,633.099,emg_data.hdf5,1
1288,652.758,emg_data.hdf5,1
1289,652.533,emg_data.hdf5,1
1290,636.743,emg_data.hdf5,1
1291,610.883,emg_data.hdf5,1
1292,588.778,emg_data.hdf5,1
1293,575.607,emg_data.hdf5,1
1294,572.753,emg_data.hdf5,1
1295,568.583,emg_data.hdf5,1
1296,563.801,emg_data.hdf5,1
1297,568.064,emg_data.hdf5,1
1298,575.822,emg_data.hdf5,1
1299,577.717,emg_data.hdf5,1
1300,572.194,emg_data.hdf5,1
1301,562.041,emg_data.hdf5,1
1302,554.372,emg_data.hdf5,1
1303,562.266,emg_data.hdf5,1
1304,567.669,emg_data.hdf5,1
1305,569.310,emg_data.hdf5,1
1306,573.341,emg_data.hdf5,1
1307,572.890,emg_data.hdf5,1
1308,564.803,emg_data.hdf5,1
1309,557.386,emg_data.hdf5,1
1310,570.400,emg_data.hdf5,1
1311,592.875,emg_data.hdf5,1
1312,602.228,emg_data.hdf5,1
1313,595.061,emg_data.hdf5,1
1314,596.608,emg_data.hdf5,1
1315,614.539,emg_data.hdf5,1
1316,644.028,emg_data.hdf5,1
1317,680.082,emg_data.hdf5,1
1318,700.995,emg_data.hdf5,1
1319,693.006,emg_data.hdf5,1
1320,665.162,emg_data.hdf5,1
1321,635.148,emg_data.hdf5,1
1322,606.520,emg_data.hdf5,1
1323,578.530,emg_data.hdf5,1
1324,547.990,emg_data.hdf5,1
1325,523.431,emg_data.hdf5,1
1326,514.803,emg_data.hdf5,1
1327,528.730,emg_data.hdf5,1
1328,557.685,emg_data.hdf5,1
1329,582.473,emg_data.hdf5,1
1330,591.833,emg_data.hdf5,1
1331,594.344,emg_data.hdf5,1
1332,593.676,emg_data.hdf5,1
1333,585.420,emg_data.hdf5,1
1334,563.787,emg_data.hdf5,1
1335,538.640,emg_data.hdf5,1
1336,528.294,emg_data.hdf5,1
1337,531.651,emg_data.hdf5,1
1338,532.157,emg_data.hdf5,1
1339,532.806,emg_data.hdf5,1
1340,545.875,emg_data.hdf5,1
1341,564.077,emg_data.hdf5,1
1342,584.860,emg_data.hdf5,1
1343,602.890,emg_data.hdf5,1
1344,623.172,emg_data.hdf5,1
1345,641.987,emg_data.hdf5,1
1346,656.695,emg_data.hdf5,1
1347,659.368,emg_data.hdf5,1
1348,652.498,emg_data.hdf5,1
1349,645.024,emg_data.hdf5,1
1350,631.629,emg_data.hdf5,1
1351,617.777,emg_data.hdf5,1
1352,599.201,emg_data.hdf5,1
1353,568.337,emg_data.hdf5,1
1354,532.977,emg_data.hdf5,1
1355,514.349,emg_data.hdf5,1
1356,516.715,emg_data.hdf5,1
1357,538.820,emg_data.hdf5,1
1358,560.239,emg_data.hdf5,1
1359,583.584,emg_data.hdf5,1
1360,612.019,emg_data.hdf5,1
1361,631.953,emg_data.hdf5,1
1362,629.251,emg_data.hdf5,1
1363,613.136,emg_data.hdf5,1
1364,617.037,emg_data.hdf5,1
1365,647.879,emg_data.hdf5,1
1366,687.098,emg_data.hdf5,1
1367,691.159,emg_data.hdf5,1
1368,638.611,emg_data.hdf5,1
1369,561.564,emg_data.hdf5,1
1370,509.393,emg_data.hdf5,1
1371,509.644,emg_data.hdf5,1
1372,539.792,emg_data.hdf5,1
1373,565.603,emg_data.hdf5,1
1374,574.045,emg_data.hdf5,1
1375,572.671,emg_data.hdf5,1
1376,567.226,emg_data.hdf5,1
1377,563.229,emg_data.hdf5,1
1378,561.536,emg_data.hdf5,1
1379,568.872,emg_data.hdf5,1
1380,582.501,emg_data.hdf5,1
1381,589.120,emg_data.hdf5,1
1382,590.131,emg_data.hdf5,1
1383,588.457,emg_data.hdf5,1
1384,588.391,emg_data.hdf5,1
1385,590.182,emg_data.hdf5,1
1386,593.009,emg_data.hdf5,1
1387,596.917,emg_data.hdf5,1
1388,597.069,emg_data.hdf5,1
1389,595.479,emg_data.hdf5,1
1390,595.043,emg_data.hdf5,1
1391,596.530,emg_data.hdf5,1
1392,592.466,emg_data.hdf5,1
1393,589.976,emg_data.hdf5,1
1394,589.954,emg_data.hdf5,1
1395,589.016,emg_data.hdf5,1
1396,592.440,emg_data.hdf5,1
1397,593.454,emg_data.hdf5,1
1398,596.476,emg_data.hdf5,1
1399,602.684,emg_data.hdf5,1
1400,608.226,emg_data.hdf5,1
1401,609.058,emg_data.hdf5,1
1402,607.466,emg_data.hdf5,1
1403,598.305,emg_data.hdf5,1
1404,584.761,emg_data.hdf5,1
1405,564.919,emg_data.hdf5,1
1406,546.147,emg_data.hdf5,1
1407,539.259,emg_data.hdf5,1
1408,546.475,emg_data.hdf5,1
1409,560.222,emg_data.hdf5,1
1410,572.478,emg_data.hdf5,1
1411,583.047,emg_data.hdf5,1
1412,581.291,emg_data.hdf5,1
1413,580.539,emg_data.hdf5,1
1414,586.080,emg_data.hdf5,1
1415,594.968,emg_data.hdf5,1
1416,603.797,emg_data.hdf5,1
1417,610.190,emg_data.hdf5,1
1418,618.041,emg_data.hdf5,1
1419,630.199,emg_data.hdf5,1
1420,649.018,emg_data.hdf5,1
1421,653.366,emg_data.hdf5,1
1422,644.259,emg_data.hdf5,1
1423,628.168,emg_data.hdf5,1
1424,612.484,emg_data.hdf5,1
1425,601.766,emg_data.hdf5,1
1426,593.027,emg_data.hdf5,1
1427,581.269,emg_data.hdf5,1
1428,568.863,emg_data.hdf5,1
1429,562.277,emg_data.hdf5,1
1430,561.234,emg_data.hdf5,1
1431,566.487,emg_data.hdf5,1
1432,570.483,emg_data.hdf5,1
1433,574.574,emg_data.hdf5,1
1434,578.571,emg_data.hdf5,1
1435,583.045,emg_data.hdf5,1
1436,584.937,emg_data.hdf5,1
1437,588.621,emg_data.hdf5,1
1438,603.954,emg_data.hdf5,1
1439,618.952,emg_data.hdf5,1
1440,630.447,emg_data.hdf5,1
1441,635.635,emg_data.hdf5,1
1442,638.065,emg_data.hdf5,1
1443,635.079,emg_data.hdf5,1
1444,622.506,emg_data.hdf5,1
1445,608.318,emg_data.hdf5,1
1446,588.829,emg_data.hdf5,1
1447,569.227,emg_data.hdf5,1
1448,556.067,emg_data.hdf5,1
1449,544.955,emg_data.hdf5,1
1450,534.689,emg_data.hdf5,1
1451,520.514,emg_data.hdf5,1
1452,510.025,emg_data.hdf5,1
1453,507.962,emg_data.hdf5,1
1454,518.735,emg_data.hdf5,1
1455,534.612,emg_data.hdf5,1
1456,546.769,emg_data.hdf5,1
1457,563.094,emg_data.hdf5,1
1458,581.519,emg_data.hdf5,1
1459,601.793,emg_data.hdf5,1
1460,613.713,emg_data.hdf5,1
1461,614.068,emg_data.hdf5,1
1462,612.661,emg_data.hdf5,1
1463,617.891,emg_data.hdf5,1
1464,618.841,emg_data.hdf5,1
1465,615.981,emg_data.hdf5,1
1466,614.120,emg_data.hdf5,1
1467,610.308,emg_data.hdf5,1
1468,602.870,emg_data.hdf5,1
1469,593.082,emg_data.hdf5,1
1470,583.133,emg_data.hdf5,1
1471,580.439,emg_data.hdf5,1
1472,584.166,emg_data.hdf5,1
1473,585.551,emg_data.hdf5,1
1474,583.219,emg_data.hdf5,1
1475,581.504,emg_data.hdf5,1
1476,585.123,emg_data.hdf5,1
1477,593.999,emg_data.hdf5,1
1478,601.498,emg_data.hdf5,1
1479,609.977,emg_data.hdf5,1
1480,622.472,emg_data.hdf5,1
1481,631.750,emg_data.hdf5,1
1482,630.411,emg_data.hdf5,1
1483,625.506,emg_data.hdf5,1
1484,615.029,emg_data.hdf5,1
1485,603.077,emg_data.hdf5,1
1486,591.631,emg_data.hdf5,1
1487,583.325,emg_data.hdf5,1
1488,578.714,emg_data.hdf5,1
1489,574.081,emg_data.hdf5,1
1490,569.471,emg_data.hdf5,1
1491,563.687,emg_data.hdf5,1
1492,559.836,emg_data.hdf5,1
1493,556.271,emg_data.hdf5,1
1494,558.369,emg_data.hdf5,1
1495,565.110,emg_data.hdf5,1
1496,578.753,emg_data.hdf5,1
1497,592.070,emg_data.hdf5,1
1498,599.958,emg_data.hdf5,1
1499,603.449,emg_data.hdf5,1
1500,602.480,emg_data.hdf5,1
1501,598.646,emg_data.hdf5,1
1502,592.285,emg_data.hdf5,1
1503,597.251,emg_data.hdf5,1
1504,605.751,emg_data.hdf5,1
1505,605.758,emg_data.hdf5,1
1506,599.231,emg_data.hdf5,1
1507,589.403,emg_data.hdf5,1
1508,581.987,emg_data.hdf5,1
1509,575.822,emg_data.hdf5,1
1510,577.143,emg_data.hdf5,1
1511,579.572,emg_data.hdf5,1
1512,588.190,emg_data.hdf5,1
1513,595.751,emg_data.hdf5,1
1514,604.362,emg_data.hdf5,1
1515,608.095,emg_data.hdf5,1
1516,606.311,emg_data.hdf5,1
1517,604.245,emg_data.hdf5,1
1518,604.760,emg_data.hdf5,1
1519,605.591,emg_data.hdf5,1
1520,601.506,emg_data.hdf5,1
1521,594.818,emg_data.hdf5,1
1522,592.151,emg_data.hdf5,1
1523,591.440,emg_data.hdf5,1
1524,591.090,emg_data.hdf5,1
1525,588.272,emg_data.hdf5,1
1526,590.396,emg_data.hdf5,1
1527,591.645,emg_data.hdf5,1
1528,590.982,emg_data.hdf5,1
1529,585.982,emg_data.hdf5,1
1530,580.681,emg_data.hdf5,1
1531,576.158,emg_data.hdf5,1
1532,572.014,emg_data.hdf5,1
1533,572.864,emg_data.hdf5,1
1534,574.514,emg_data.hdf5,1
1535,574.411,emg_data.hdf5,1
1536,570.678,emg_data.hdf5,1
1537,572.655,emg_data.hdf5,1
1538,578.078,emg_data.hdf5,1
1539,578.548,emg_data.hdf5,1
1540,577.699,emg_data.hdf5,1
1541,572.787,emg_data.hdf5,1
1542,557.042,emg_data.hdf5,1
1543,539.768,emg_data.hdf5,1
1544,533.504,emg_data.hdf5,1
1545,542.785,emg_data.hdf5,1
1546,560.621,emg_data.hdf5,1
1547,571.890,emg_data.hdf5,1
1548,583.535,emg_data.hdf5,1
1549,602.670,emg_data.hdf5,1
1550,621.281,emg_data.hdf5,1
1551,635.616,emg_data.hdf5,1
1552,647.289,emg_data.hdf5,1
1553,665.437,emg_data.hdf5,1
1554,680.615,emg_data.hdf5,1
1555,680.136,emg_data.hdf5,1
1556,651.365,emg_data.hdf5,1
1557,603.860,emg_data.hdf5,1
1558,564.196,emg_data.hdf5,1
1559,556.453,emg_data.hdf5,1
1560,575.353,emg_data.hdf5,1
1561,598.320,emg_data.hdf5,1
1562,610.253,emg_data.hdf5,1
1563,617.019,emg_data.hdf5,1
1564,629.966,emg_data.hdf5,1
1565,642.728,emg_data.hdf5,1
1566,638.893,emg_data.hdf5,1
1567,622.367,emg_data.hdf5,1
1568,605.005,emg_data.hdf5,1
1569,578.883,emg_data.hdf5,1
1570,542.846,emg_data.hdf5,1
1571,501.492,emg_data.hdf5,1
1572,463.879,emg_data.hdf5,1
1573,439.239,emg_data.hdf5,1
1574,442.677,emg_data.hdf5,1
1575,485.390,emg_data.hdf5,1
1576,576.027,emg_data.hdf5,1
1577,696.034,emg_data.hdf5,1
1578,801.199,emg_data.hdf5,1
1579,813.689,emg_data.hdf5,1
1580,692.466,emg_data.hdf5,1
1581,533.369,emg_data.hdf5,1
1582,488.645,emg_data.hdf5,1
1583,552.086,emg_data.hdf5,1
1584,601.644,emg_data.hdf5,1
1585,614.243,emg_data.hdf5,1
1586,598.295,emg_data.hdf5,1
1587,580.743,emg_data.hdf5,1
1588,579.741,emg_data.hdf5,1
1589,600.775,emg_data.hdf5,1
1590,630.448,emg_data.hdf5,1
1591,640.236,emg_data.hdf5,1
1592,621.035,emg_data.hdf5,1
1593,585.038,emg_data.hdf5,1
1594,567.618,emg_data.hdf5,1
1595,566.676,emg_data.hdf5,1
1596,555.337,emg_data.hdf5,1
1597,537.432,emg_data.hdf5,1
1598,538.314,emg_data.hdf5,1
1599,555.083,emg_data.hdf5,1
1600,571.054,emg_data.hdf5,1
1601,565.186,emg_data.hdf5,1
1602,561.992,emg_data.hdf5,1
1603,571.489,emg_data.hdf5,1
1604,592.180,emg_data.hdf5,1
1605,617.110,emg_data.hdf5,1
1606,625.945,emg_data.hdf5,1
1607,588.607,emg_data.hdf5,1
1608,511.147,emg_data.hdf5,1
1609,432.439,emg_data.hdf5,1
1610,415.380,emg_data.hdf5,1
1611,469.505,emg_data.hdf5,1
1612,545.466,emg_data.hdf5,1
1613,594.017,emg_data.hdf5,1
1614,617.205,emg_data.hdf5,1
1615,631.604,emg_data.hdf5,1
1616,644.076,emg_data.hdf5,1
1617,643.308,emg_data.hdf5,1
1618,624.796,emg_data.hdf5,1
1619,587.062,emg_data.hdf5,1
1620,538.761,emg_data.hdf5,1
1621,496.530,emg_data.hdf5,1
1622,484.717,emg_data.hdf5,1
1623,509.187,emg_data.hdf5,1
1624,560.191,emg_data.hdf5,1
1625,615.563,emg_data.hdf5,1
1626,654.136,emg_data.hdf5,1
1627,687.029,emg_data.hdf5,1
1628,698.323,emg_data.hdf5,1
1629,682.519,emg_data.hdf5,1
1630,637.591,emg_data.hdf5,1
1631,581.659,emg_data.hdf5,1
1632,542.682,emg_data.hdf5,1
1633,543.463,emg_data.hdf5,1
1634,574.044,emg_data.hdf5,1
1635,604.412,emg_data.hdf5,1
1636,617.827,emg_data.hdf5,1
1637,617.179,emg_data.hdf5,1
1638,612.643,emg_data.hdf5,1
1639,609.375,emg_data.hdf5,1
1640,598.904,emg_data.hdf5,1
1641,595.385,emg_data.hdf5,1
1642,598.205,emg_data.hdf5,1
1643,604.038,emg_data.hdf5,1
1644,608.800,emg_data.hdf5,1
1645,609.063,emg_data.hdf5,1
1646,608.803,emg_data.hdf5,1
1647,604.842,emg_data.hdf5,1
1648,601.675,emg_data.hdf5,1
1649,597.720,emg_data.hdf5,1
1650,581.985,emg_data.hdf5,1
1651,552.810,emg_data.hdf5,1
1652,521.815,emg_data.hdf5,1
1653,505.475,emg_data.hdf5,1
1654,512.093,emg_data.hdf5,1
1655,529.118,emg_data.hdf5,1
1656,566.122,emg_data.hdf5,1
1657,621.954,emg_data.hdf5,1
1658,681.167,emg_data.hdf5,1
1659,726.863,emg_data.hdf5,1
1660,748.952,emg_data.hdf5,1
1661,755.619,emg_data.hdf5,1
1662,746.513,emg_data.hdf5,1
1663,726.969,emg_data.hdf5,1
1664,709.244,emg_data.hdf5,1
1665,707.358,emg_data.hdf5,1
1666,713.735,emg_data.hdf5,1
1667,696.383,emg_data.hdf5,1
1668,654.142,emg_data.hdf5,1
1669,606.284,emg_data.hdf5,1
1670,571.668,emg_data.hdf5,1
1671,558.056,emg_data.hdf5,1
1672,567.530,emg_data.hdf5,1
1673,588.531,emg_data.hdf5,1
1674,608.071,emg_data.hdf5,1
1675,624.074,emg_data.hdf5,1
1676,637.256,emg_data.hdf5,1
1677,636.264,emg_data.hdf5,1
1678,616.152,emg_data.hdf5,1
1679,582.018,emg_data.hdf5,1
1680,534.558,emg_data.hdf5,1
1681,484.397,emg_data.hdf5,1
1682,446.313,emg_data.hdf5,1
1683,410.826,emg_data.hdf5,1
1684,376.982,emg_data.hdf5,1
1685,372.960,emg_data.hdf5,1
1686,424.894,emg_data.hdf5,1
1687,517.604,emg_data.hdf5,1
1688,603.624,emg_data.hdf5,1
1689,646.417,emg_data.hdf5,1
1690,643.864,emg_data.hdf5,1
1691,553.766,emg_data.hdf5,1
1692,408.579,emg_data.hdf5,1
1693,351.977,emg_data.hdf5,1
1694,406.966,emg_data.hdf5,1
1695,484.468,emg_data.hdf5,1
1696,525.640,emg_data.hdf5,1
1697,536.873,emg_data.hdf5,1
1698,548.074,emg_data.hdf5,1
1699,563.142,emg_data.hdf5,1
1700,575.910,emg_data.hdf5,1
1701,589.904,emg_data.hdf5,1
1702,602.202,emg_data.hdf5,1
1703,615.224,emg_data.hdf5,1
1704,630.692,emg_data.hdf5,1
1705,648.337,emg_data.hdf5,1
1706,670.343,emg_data.hdf5,1
1707,690.325,emg_data.hdf5,1
1708,706.177,emg_data.hdf5,1
1709,703.880,emg_data.hdf5,1
1710,694.459,emg_data.hdf5,1
1711,661.803,emg_data.hdf5,1
1712,610.384,emg_data.hdf5,1
1713,578.534,emg_data.hdf5,1
1714,589.411,emg_data.hdf5,1
1715,624.075,emg_data.hdf5,1
1716,648.570,emg_data.hdf5,1
1717,655.920,emg_data.hdf5,1
1718,656.876,emg_data.hdf5,1
1719,657.654,emg_data.hdf5,1
1720,657.074,emg_data.hdf5,1
1721,655.156,emg_data.hdf5,1
1722,652.264,emg_data.hdf5,1
1723,640.366,emg_data.hdf5,1
1724,623.015,emg_data.hdf5,1
1725,616.444,emg_data.hdf5,1
1726,612.605,emg_data.hdf5,1
1727,603.564,emg_data.hdf5,1
1728,592.394,emg_data.hdf5,1
1729,578.829,emg_data.hdf5,1
1730,529.091,emg_data.hdf5,1
1731,442.930,emg_data.hdf5,1
1732,375.825,emg_data.hdf5,1
1733,374.683,emg_data.hdf5,1
1734,440.062,emg_data.hdf5,1
1735,539.574,emg_data.hdf5,1
1736,610.026,emg_data.hdf5,1
1737,617.821,emg_data.hdf5,1
1738,586.116,emg_data.hdf5,1
1739,582.082,emg_data.hdf5,1
1740,618.686,emg_data.hdf5,1
1741,657.560,emg_data.hdf5,1
1742,669.442,emg_data.hdf5,1
1743,652.095,emg_data.hdf5,1
1744,632.574,emg_data.hdf5,1
1745,634.004,emg_data.hdf5,1
1746,647.736,emg_data.hdf5,1
1747,642.939,emg_data.hdf5,1
1748,600.135,emg_data.hdf5,1
1749,536.055,emg_data.hdf5,1
1750,487.324,emg_data.hdf5,1
1751,485.218,emg_data.hdf5,1
1752,515.498,emg_data.hdf5,1
1753,557.000,emg_data.hdf5,1
1754,594.468,emg_data.hdf5,1
1755,617.142,emg_data.hdf5,1
1756,618.146,emg_data.hdf5,1
1757,604.396,emg_data.hdf5,1
1758,594.828,emg_data.hdf5,1
1759,617.935,emg_data.hdf5,1
1760,674.318,emg_data.hdf5,1
1761,734.710,emg_data.hdf5,1
1762,792.757,emg_data.hdf5,1
1763,817.843,emg_data.hdf5,1
1764,781.647,emg_data.hdf5,1
1765,704.013,emg_data.hdf5,1
1766,637.944,emg_data.hdf5,1
1767,625.706,emg_data.hdf5,1
1768,649.255,emg_data.hdf5,1
1769,657.830,emg_data.hdf5,1
1770,620.078,emg_data.hdf5,1
1771,560.672,emg_data.hdf5,1
1772,499.538,emg_data.hdf5,1
1773,451.432,emg_data.hdf5,1
1774,408.241,emg_data.hdf5,1
1775,370.148,emg_data.hdf5,1
1776,359.122,emg_data.hdf5,1
1777,370.729,emg_data.hdf5,1
1778,363.148,emg_data.hdf5,1
1779,327.228,emg_data.hdf5,1
1780,316.252,emg_data.hdf5,1
1781,386.207,emg_data.hdf5,1
1782,515.317,emg_data.hdf5,1
1783,599.755,emg_data.hdf5,1
1784,562.035,emg_data.hdf5,1
1785,492.433,emg_data.hdf5,1
1786,510.261,emg_data.hdf5,1
1787,609.085,emg_data.hdf5,1
1788,719.438,emg_data.hdf5,1
1789,794.384,emg_data.hdf5,1
1790,806.448,emg_data.hdf5,1
1791,759.386,emg_data.hdf5,1
1792,685.338,emg_data.hdf5,1
1793,647.835,emg_data.hdf5,1
1794,656.169,emg_data.hdf5,1
1795,675.424,emg_data.hdf5,1
1796,688.546,emg_data.hdf5,1
1797,690.489,emg_data.hdf5,1
1798,685.494,emg_data.hdf5,1
1799,684.886,emg_data.hdf5,1
1800,690.092,emg_data.hdf5,1
1801,692.792,emg_data.hdf5,1
1802,687.621,emg_data.hdf5,1
1803,675.872,emg_data.hdf5,1
1804,649.170,emg_data.hdf5,1
1805,594.147,emg_data.hdf5,1
1806,504.693,emg_data.hdf5,1
1807,409.881,emg_data.hdf5,1
1808,372.741,emg_data.hdf5,1
1809,410.152,emg_data.hdf5,1
1810,491.759,emg_data.hdf5,1
1811,556.764,emg_data.hdf5,1
1812,563.825,emg_data.hdf5,1
1813,532.849,emg_data.hdf5,1
1814,530.586,emg_data.hdf5,1
1815,570.419,emg_data.hdf5,1
1816,625.555,emg_data.hdf5,1
1817,655.829,emg_data.hdf5,1
1818,673.076,emg_data.hdf5,1
1819,691.066,emg_data.hdf5,1
1820,711.004,emg_data.hdf5,1
1821,719.612,emg_data.hdf5,1
1822,705.129,emg_data.hdf5,1
1823,664.549,emg_data.hdf5,1
1824,611.305,emg_data.hdf5,1
1825,563.237,emg_data.hdf5,1
1826,520.871,emg_data.hdf5,1
1827,468.055,emg_data.hdf5,1
1828,421.480,emg_data.hdf5,1
1829,417.812,emg_data.hdf5,1
1830,464.984,emg_data.hdf5,1
1831,525.786,emg_data.hdf5,1
1832,566.837,emg_data.hdf5,1
1833,580.492,emg_data.hdf5,1
1834,592.647,emg_data.hdf5,1
1835,611.276,emg_data.hdf5,1
1836,634.224,emg_data.hdf5,1
1837,660.177,emg_data.hdf5,1
1838,680.846,emg_data.hdf5,1
1839,685.661,emg_data.hdf5,1
1840,682.803,emg_data.hdf5,1
1841,677.871,emg_data.hdf5,1
1842,659.845,emg_data.hdf5,1
1843,626.518,emg_data.hdf5,1
1844,578.641,emg_data.hdf5,1
1845,551.141,emg_data.hdf5,1
1846,528.937,emg_data.hdf5,1
1847,504.548,emg_data.hdf5,1
1848,491.148,emg_data.hdf5,1
1849,499.836,emg_data.hdf5,1
1850,526.028,emg_data.hdf5,1
1851,553.461,emg_data.hdf5,1
1852,578.800,emg_data.hdf5,1
1853,599.983,emg_data.hdf5,1
1854,612.439,emg_data.hdf5,1
1855,618.592,emg_data.hdf5,1
1856,620.831,emg_data.hdf5,1
1857,623.117,emg_data.hdf5,1
1858,622.480,emg_data.hdf5,1
1859,618.509,emg_data.hdf5,1
1860,612.475,emg_data.hdf5,1
1861,603.884,emg_data.hdf5,1
1862,594.953,emg_data.hdf5,1
1863,591.729,emg_data.hdf5,1
1864,589.845,emg_data.hdf5,1
1865,585.672,emg_data.hdf5,1
1866,587.222,emg_data.hdf5,1
1867,591.726,emg_data.hdf5,1
1868,596.943,emg_data.hdf5,1
1869,594.741,emg_data.hdf5,1
1870,590.117,emg_data.hdf5,1
1871,589.429,emg_data.hdf5,1
1872,603.536,emg_data.hdf5,1
1873,624.641,emg_data.hdf5,1
1874,634.585,emg_data.hdf5,1
1875,628.749,emg_data.hdf5,1
1876,614.976,emg_data.hdf5,1
1877,598.719,emg_data.hdf5,1
1878,569.199,emg_data.hdf5,1
1879,533.752,emg_data.hdf5,1
1880,512.717,emg_data.hdf5,1
1881,514.114,emg_data.hdf5,1
1882,538.619,emg_data.hdf5,1
1883,577.027,emg_data.hdf5,1
1884,617.563,emg_data.hdf5,1
1885,648.317,emg_data.hdf5,1
1886,670.746,emg_data.hdf5,1
1887,682.638,emg_data.hdf5,1
1888,677.651,emg_data.hdf5,1
1889,659.583,emg_data.hdf5,1
1890,644.421,emg_data.hdf5,1
1891,637.405,emg_data.hdf5,1
1892,661.048,emg_data.hdf5,1
1893,701.461,emg_data.hdf5,1
1894,713.734,emg_data.hdf5,1
1895,653.809,emg_data.hdf5,1
1896,527.792,emg_data.hdf5,1
1897,423.793,emg_data.hdf5,1
1898,411.010,emg_data.hdf5,1
1899,447.182,emg_data.hdf5,1
1900,457.525,emg_data.hdf5,1
1901,415.240,emg_data.hdf5,1
1902,360.809,emg_data.hdf5,1
1903,354.863,emg_data.hdf5,1
1904,410.336,emg_data.hdf5,1
1905,476.811,emg_data.hdf5,1
1906,526.714,emg_data.hdf5,1
1907,557.479,emg_data.hdf5,1
1908,579.992,emg_data.hdf5,1
1909,605.896,emg_data.hdf5,1
1910,625.176,emg_data.hdf5,1
1911,640.575,emg_data.hdf5,1
1912,644.671,emg_data.hdf5,1
1913,637.061,emg_data.hdf5,1
1914,627.444,emg_data.hdf5,1
1915,631.613,emg_data.hdf5,1
1916,663.149,emg_data.hdf5,1
1917,720.282,emg_data.hdf5,1
1918,779.451,emg_data.hdf5,1
1919,824.327,emg_data.hdf5,1
1920,831.215,emg_data.hdf5,1
1921,744.028,emg_data.hdf5,1
1922,591.543,emg_data.hdf5,1
1923,491.933,emg_data.hdf5,1
1924,496.373,emg_data.hdf5,1
1925,544.518,emg_data.hdf5,1
1926,590.355,emg_data.hdf5,1
1927,623.523,emg_data.hdf5,1
1928,634.735,emg_data.hdf5,1
1929,590.629,emg_data.hdf5,1
1930,490.346,emg_data.hdf5,1
1931,414.714,emg_data.hdf5,1
1932,441.207,emg_data.hdf5,1
1933,560.301,emg_data.hdf5,1
1934,677.591,emg_data.hdf5,1
1935,740.670,emg_data.hdf5,1
1936,755.873,emg_data.hdf5,1
1937,719.412,emg_data.hdf5,1
1938,643.383,emg_data.hdf5,1
1939,550.983,emg_data.hdf5,1
1940,475.394,emg_data.hdf5,1
1941,441.818,emg_data.hdf5,1
1942,449.613,emg_data.hdf5,1
1943,479.950,emg_data.hdf5,1
1944,513.627,emg_data.hdf5,1
1945,543.226,emg_data.hdf5,1
1946,571.690,emg_data.hdf5,1
1947,595.816,emg_data.hdf5,1
1948,605.065,emg_data.hdf5,1
1949,594.933,emg_data.hdf5,1
1950,579.475,emg_data.hdf5,1
1951,567.574,emg_data.hdf5,1
1952,560.199,emg_data.hdf5,1
1953,574.802,emg_data.hdf5,1
1954,590.619,emg_data.hdf5,1
1955,596.795,emg_data.hdf5,1
1956,599.683,emg_data.hdf5,1
1957,606.216,emg_data.hdf5,1
1958,621.215,emg_data.hdf5,1
1959,634.723,emg_data.hdf5,1
1960,631.681,emg_data.hdf5,1
1961,609.096,emg_data.hdf5,1
1962,594.578,emg_data.hdf5,1
1963,597.279,emg_data.hdf5,1
1964,602.079,emg_data.hdf5,1
1965,604.031,emg_data.hdf5,1
1966,600.752,emg_data.hdf5,1
1967,597.388,emg_data.hdf5,1
1968,595.450,emg_data.hdf5,1
1969,595.263,emg_data.hdf5,1
1970,592.572,emg_data.hdf5,1
1971,583.351,emg_data.hdf5,1
1972,577.920,emg_data.hdf5,1
1973,578.705,emg_data.hdf5,1
1974,576.776,emg_data.hdf5,1
1975,573.319,emg_data.hdf5,1
1976,582.788,emg_data.hdf5,1
1977,617.986,emg_data.hdf5,1
1978,664.486,emg_data.hdf5,1
1979,696.613,emg_data.hdf5,1
1980,696.872,emg_data.hdf5,1
1981,651.452,emg_data.hdf5,1
1982,581.719,emg_data.hdf5,1
1983,545.498,emg_data.hdf5,1
1984,567.135,emg_data.hdf5,1
1985,618.648,emg_data.hdf5,1
1986,671.405,emg_data.hdf5,1
1987,711.327,emg_data.hdf5,1
1988,720.731,emg_data.hdf5,1
1989,683.308,emg_data.hdf5,1
1990,602.959,emg_data.hdf5,1
1991,519.351,emg_data.hdf5,1
1992,455.754,emg_data.hdf5,1
1993,414.503,emg_data.hdf5,1
1994,418.691,emg_data.hdf5,1
1995,484.249,emg_data.hdf5,1
1996,558.747,emg_data.hdf5,1
1997,585.927,emg_data.hdf5,1
1998,598.379,emg_data.hdf5,1
1999,619.783,emg_data.hdf5,1
2000,641.512,emg_data.hdf5,1
2001,648.824,emg_data.hdf5,1
2002,633.996,emg_data.hdf5,1
2003,595.772,emg_data.hdf5,1
2004,534.341,emg_data.hdf5,1
2005,486.147,emg_data.hdf5,1
2006,486.960,emg_data.hdf5,1
2007,524.894,emg_data.hdf5,1
2008,563.407,emg_data.hdf5,1
2009,577.566,emg_data.hdf5,1
2010,586.152,emg_data.hdf5,1
2011,603.911,emg_data.hdf5,1
2012,622.926,emg_data.hdf5,1
2013,626.505,emg_data.hdf5,1
2014,619.503,emg_data.hdf5,1
2015,609.859,emg_data.hdf5,1
2016,599.190,emg_data.hdf5,1
2017,587.526,emg_data.hdf5,1
2018,570.711,emg_data.hdf5,1
2019,549.129,emg_data.hdf5,1
2020,527.095,emg_data.hdf5,1
2021,518.073,emg_data.hdf5,1
2022,524.911,emg_data.hdf5,1
2023,544.979,emg_data.hdf5,1
2024,566.979,emg_data.hdf5,1
2025,588.406,emg_data.hdf5,1
2026,612.222,emg_data.hdf5,1
2027,646.327,emg_data.hdf5,1
2028,691.034,emg_data.hdf5,1
2029,710.844,emg_data.hdf5,1
2030,669.716,emg_data.hdf5,1
2031,583.166,emg_data.hdf5,1
2032,506.953,emg_data.hdf5,1
2033,471.311,emg_data.hdf5,1
2034,487.100,emg_data.hdf5,1
2035,542.591,emg_data.hdf5,1
2036,616.237,emg_data.hdf5,1
2037,692.879,emg_data.hdf5,1
2038,744.493,emg_data.hdf5,1
2039,729.452,emg_data.hdf5,1
2040,674.082,emg_data.hdf5,1
2041,664.562,emg_data.hdf5,1
2042,688.483,emg_data.hdf5,1
2043,675.978,emg_data.hdf5,1
2044,616.175,emg_data.hdf5,1
2045,546.325,emg_data.hdf5,1
2046,511.466,emg_data.hdf5,1
2047,515.548,emg_data.hdf5,1
2048,531.252,emg_data.hdf5,1
2049,551.540,emg_data.hdf5,1
2050,577.828,emg_data.hdf5,1
2051,598.070,emg_data.hdf5,1
2052,604.554,emg_data.hdf5,1
2053,592.467,emg_data.hdf5,1
2054,576.742,emg_data.hdf5,1
2055,568.654,emg_data.hdf5,1
2056,571.785,emg_data.hdf5,1
2057,585.270,emg_data.hdf5,1
2058,605.168,emg_data.hdf5,1
2059,623.022,emg_data.hdf5,1
2060,631.587,emg_data.hdf5,1
2061,649.750,emg_data.hdf5,1
2062,664.530,emg_data.hdf5,1
2063,658.502,emg_data.hdf5,1
2064,633.411,emg_data.hdf5,1
2065,603.448,emg_data.hdf5,1
2066,589.823,emg_data.hdf5,1
2067,606.022,emg_data.hdf5,1
2068,653.147,emg_data.hdf5,1
2069,703.545,emg_data.hdf5,1
2070,723.750,emg_data.hdf5,1
2071,709.177,emg_data.hdf5,1
2072,642.219,emg_data.hdf5,1
2073,502.370,emg_data.hdf5,1
2074,320.898,emg_data.hdf5,1
2075,200.559,emg_data.hdf5,1
2076,201.009,emg_data.hdf5,1
2077,279.673,emg_data.hdf5,1
2078,358.241,emg_data.hdf5,1
2079,415.713,emg_data.hdf5,1
2080,473.203,emg_data.hdf5,1
2081,536.430,emg_data.hdf5,1
2082,606.623,emg_data.hdf5,1
2083,677.196,emg_data.hdf5,1
2084,712.295,emg_data.hdf5,1
2085,682.853,emg_data.hdf5,1
2086,621.341,emg_data.hdf5,1
2087,592.885,emg_data.hdf5,1
2088,615.642,emg_data.hdf5,1
2089,648.976,emg_data.hdf5,1
2090,663.188,emg_data.hdf5,1
2091,656.572,emg_data.hdf5,1
2092,640.312,emg_data.hdf5,1
2093,633.810,emg_data.hdf5,1
2094,636.422,emg_data.hdf5,1
2095,636.037,emg_data.hdf5,1
2096,634.884,emg_data.hdf5,1
2097,634.015,emg_data.hdf5,1
2098,633.917,emg_data.hdf5,1
2099,626.152,emg_data.hdf5,1
2100,612.086,emg_data.hdf5,1
2101,604.270,emg_data.hdf5,1
2102,617.295,emg_data.hdf5,1
2103,641.295,emg_data.hdf5,1
2104,661.025,emg_data.hdf5,1
2105,673.485,emg_data.hdf5,1
2106,673.784,emg_data.hdf5,1
2107,669.269,emg_data.hdf5,1
2108,671.828,emg_data.hdf5,1
2109,684.921,emg_data.hdf5,1
2110,693.126,emg_data.hdf5,1
2111,673.290,emg_data.hdf5,1
2112,621.046,emg_data.hdf5,1
2113,560.768,emg_data.hdf5,1
2114,515.169,emg_data.hdf5,1
2115,472.752,emg_data.hdf5,1
2116,411.931,emg_data.hdf5,1
2117,368.406,emg_data.hdf5,1
2118,396.999,emg_data.hdf5,1
2119,486.202,emg_data.hdf5,1
2120,572.344,emg_data.hdf5,1
2121,616.071,emg_data.hdf5,1
2122,622.947,emg_data.hdf5,1
